sequence,label,accession
GAUGGCUGUGAGUUGGCUUAAUCUCAGCUGGCAACUGUGAGAUGUUCAUACAAUCCCUCACAGUGGUCUCUGGGAUUAUGCUAAACAGAGCAAUUUCCUAGCCCUCACGA,1,"0,1,Gene_id:MI0000292,Gene_name:hsa-mir-216a,Gene_symbol:hsa-mir-216a,Origin_loc:Cytoplasm"
AGGUUGUUCUGGGUGGUCUGGAGAUUUGUGCAGCUUGUACCUGCACAAAUCUCCGGACCACUUAGUCUUUA,1,"0,1,Gene_id:MI0006355,Gene_name:hsa-mir-1293,Gene_symbol:hsa-mir-1293,Origin_loc:Cytoplasm"
UGGGGACGUAGCUGGCCAGACAG,0,"1,0,Gene_id:MIMAT0015075,Gene_name:hsa-miR-3191,Gene_symbol:hsa-miR-3191-3p,Origin_loc:Microvesicle"
UUCCCUUUGUCAUCCUUCGCCU,0,"1,0,Gene_id:MIMAT0000268,Gene_name:hsa-miR-211-5p,Gene_symbol:hsa-miR-211-5p,Origin_loc:Exosome"
UGAUCCCAUGUUGCUGGCGC,0,"1,0,Gene_id:MIMAT0002187,Gene_name:kshv-miR-K12-7,Gene_symbol:kshv-miR-K12-7-3p,Origin_loc:Exosome"
CUACAAAGGGAAGCACUUUCUC,0,"1,0,Gene_id:MIMAT0002849,Gene_name:hsa-miR-524-5p,Gene_symbol:hsa-miR-524-5p,Origin_loc:Exosome"
UAGCAAGAGAACCAUUACCAUU,0,"1,0,Gene_id:MIMAT0019840,Gene_name:hsa-miR-451b,Gene_symbol:hsa-miR-451b,Origin_loc:Exosome"
CCUUGGGAGGGCAUUGUGCAGGGCUAUCAGGCAGUUUCCUGGGCCCUGUCUGCAGAGCCUAAACAGAUCA,1,"0,1,Gene_id:MI0015898,Gene_name:hsa-mir-4289,Gene_symbol:hsa-mir-4289,Origin_loc:Nucleus"
UCAUAGCCCUGUACAAUGCUGCUUGAUCCAUAUGCAACAAGGCAGCACUGUAAAGAAGCCGA,0,"1,0,Gene_id:MI0007261,Gene_name:hsa-mir-103b-1,Gene_symbol:hsa-mir-103b-1,Origin_loc:Exosome"
CGAAAACAGCAAUUACCUUUGC,0,"1,0,Gene_id:MIMAT0003235,Gene_name:hsa-miR-570-3p,Gene_symbol:hsa-miR-570-3p,Origin_loc:Exosome"
AUUGUCCCUCUCCCUUCCCAG,0,"1,0,Gene_id:MIMAT0019708,Gene_name:hsa-miR-4646-3p,Gene_symbol:hsa-miR-4646-3p,Origin_loc:Exosome"
AAAAGUAAUUGCGAGUUUUACC,0,"1,0,Gene_id:MIMAT0004803,Gene_name:hsa-miR-548a-5p,Gene_symbol:hsa-miR-548a-5p,Origin_loc:Exosome"
GUGGGAGGGCCCAGGCGCGGGCAGGGGUGGGGGUGGCAGAGCGCUGUCCCGGGGGCGGGGCCGAAGCGCGGCGACCGUAACUCCUUCUGCUCCGUCCCCCAG,1,"0,1,Gene_id:MI0006327,Gene_name:hsa-mir-1237,Gene_symbol:hsa-mir-1237,Origin_loc:Nucleus"
ACUGGGGGCUUUCGGGCUCUGCGU,0,"1,0,Gene_id:MIMAT0003307,Gene_name:hsa-miR-637,Gene_symbol:hsa-miR-637,Origin_loc:Exosome"
CACCUAAUGUGUGCCAAGAUCUGUUCAUUUAUGAUCUCACCGAGUCCUGUGAGGUUGGCAUUGUUGUCUGGCAUUGUCUGAUAUACAACAGUGCCAACCUCACAGGACUCAGUGAGGUGAAACUGAGGAUUAGGAAGGUGUA,1,"0,1,Gene_id:MI0006356,Gene_name:hsa-mir-1294,Gene_symbol:hsa-mir-1294,Origin_loc:Nucleus"
AACCCUCCUUGGGAAGUGAAGCUCAGGCUGUGAUUUCAAGCCAGGGGGCGUUUUUCUAUAACUGGAUGAAAAGCACCUCCAGAGCUUGAAGCUCACAGUUUGAGAGCAAUCGUCUAAGGAAGUU,0,"1,0,Gene_id:MI0003142,Gene_name:hsa-mir-498,Gene_symbol:hsa-mir-498,Origin_loc:Exosome"
CUGGGCCCGCGGCGGGCGUGGGG,0,"1,0,Gene_id:MIMAT0025856,Gene_name:hsa-miR-6724-5p,Gene_symbol:hsa-miR-6724-5p,Origin_loc:Exosome"
UACAAUCCAACGAGGAUUCUAAUUUCUCCACGUCUUUGGUAAUAAGGUUUGGCAAAGAUGUGGAAAAAUUGGAAUCCUCAUUCGAUUGGUUAUAACCA,1,"0,1,Gene_id:MI0003583,Gene_name:hsa-mir-576,Gene_symbol:hsa-mir-576,Origin_loc:Cytoplasm"
UUUGUAUGGAUAUGUGUGUGUAU,0,"1,0,Gene_id:MIMAT0015022,Gene_name:hsa-miR-3149,Gene_symbol:hsa-miR-3149,Origin_loc:Microvesicle"
UGUCACUCGGCUCGGCCCACUAC,0,"1,0,Gene_id:MIMAT0003881,Gene_name:hsa-miR-668,Gene_symbol:hsa-miR-668-3p,Origin_loc:Exosome"
ACUGGACUUGGUGUCAGAUGG,0,"1,0,Gene_id:MIMAT0018984,Gene_name:hsa-miR-378h,Gene_symbol:hsa-miR-378h,Origin_loc:Exosome"
GAUGGUUGACCAGAGAGCACAC,0,"1,0,Gene_id:MIMAT0022929,Gene_name:hsa-miR-758-5p,Gene_symbol:hsa-miR-758-5p,Origin_loc:Exosome"
AAACACUUGAGCCCAGCGGUUUGAGGCUACAGUGAGAUGUGAUCCUGCCACAUCUCACUGUAGCCUCGAACCCCUGGGCUCAAGUGAUUCA,1,"0,1,Gene_id:MI0006371,Gene_name:hsa-mir-1304,Gene_symbol:hsa-mir-1304,Origin_loc:Cytoplasm"
GUGGGCGGGGGCAGGUGUGUG,0,"1,0,Gene_id:MIMAT0005582,Gene_name:hsa-miR-1228-5p,Gene_symbol:hsa-miR-1228-5p,Origin_loc:Exosome"
CUGGGAGGUGGAUGUUUACUUC,0,"1,0,Gene_id:MIMAT0004589,Gene_name:hsa-miR-30b-3p,Gene_symbol:hsa-miR-30b-3p,Origin_loc:Exosome"
AAGUGCCGCCAUCUUUUGAGUGU,0,"1,0,Gene_id:MIMAT0000723,Gene_name:hsa-miR-371,Gene_symbol:hsa-miR-371a-3p,Origin_loc:Exosome"
AACCAGGCCACCAUUCCUCUCCG,0,"1,0,Gene_id:MIMAT0003712,Gene_name:kshv-miR-K12-12,Gene_symbol:kshv-miR-K12-12-5p,Origin_loc:Exosome"
CGCAGGGGCCGGGUGCUCACCG,0,"1,0,Gene_id:MIMAT0007883,Gene_name:hsa-miR-1909,Gene_symbol:hsa-miR-1909-3p,Origin_loc:Exosome"
AGGCAUUGACUUCUCACUAGCU,0,"1,0,Gene_id:MIMAT0005907,Gene_name:hsa-miR-1256,Gene_symbol:hsa-miR-1256,Origin_loc:Exosome"
UCAGGUCUUCAGCAGAAGCAGGGAGGUUCUCCCAGUGGUUUUCCUUGACUGUGAGGAACUAGCCUGCUGCUUUGCUCAGGAGUGAGCU,1,"0,1,Gene_id:MI0005523,Gene_name:hsa-mir-298,Gene_symbol:hsa-mir-298,Origin_loc:Nucleus"
UGAGUACCGCCAUGUCUGUUGGG,0,"1,0,Gene_id:MIMAT0007885,Gene_name:hsa-miR-1911-5p,Gene_symbol:hsa-miR-1911-5p,Origin_loc:Exosome"
GUAGAUUCUCCUUCUAUGAGUA,0,"1,0,Gene_id:MIMAT0003386,Gene_name:hsa-miR-376a-5p,Gene_symbol:hsa-miR-376a-5p,Origin_loc:Exosome"
GAUAUCAGCUCAGUAGGCACCG,0,"1,0,Gene_id:MIMAT0015027,Gene_name:hsa-miR-3074-3p,Gene_symbol:hsa-miR-3074-3p,Origin_loc:Exosome"
CUCACUGAACAAUGAAUGCAA,0,"1,0,Gene_id:MIMAT0022692,Gene_name:hsa-miR-181b-3p,Gene_symbol:hsa-miR-181b-3p,Origin_loc:Exosome"
UGUUGUCGGGUGGAUCACGAUGCAAUUUUGAUGAGUAUCAUAGGAGAAAAAUUGCACGGUAUCCAUCUGUAAACC,1,"0,1,Gene_id:MI0000764,Gene_name:hsa-mir-363,Gene_symbol:hsa-mir-363,Origin_loc:Nucleus"
GAAUACUAAGUAAAAAAUCAGUA,0,"1,0,Gene_id:MIMAT0031011,Gene_name:hsa-miR-8084,Gene_symbol:hsa-miR-8084,Origin_loc:Exosome"
CUCCCCAUGGCCCUGUCUCCCAACCCUUGUACCAGUGCUGGGCUCAGACCCUGGUACAGGCCUGGGGGACAGGGACCUGGGGAC,0,"1,0,Gene_id:MI0000479,Gene_name:hsa-mir-150,Gene_symbol:hsa-mir-150,Origin_loc:Microvesicle"
GUGUGUGGAAAUGCUUCUGC,0,"1,0,Gene_id:MIMAT0000251,Gene_name:hsa-miR-147,Gene_symbol:hsa-miR-147a,Origin_loc:Exosome"
GGAGGAGCAGCAGGGUGAAACUGACACAGUUCUGGUGAGUUUCACUUUGCUGCUCCUCC,1,"0,1,Gene_id:MI0003941,Gene_name:hsa-mir-761,Gene_symbol:hsa-mir-761,Origin_loc:Nucleus"
GCUCAGGGAUGAUAACUGUGCUGAGA,0,"1,0,Gene_id:MIMAT0019055,Gene_name:hsa-miR-4518,Gene_symbol:hsa-miR-4518,Origin_loc:Exosome"
CCCCGCGACGAGCCCCUCGCACAAACCGGACCUGAGCGUUUUGUUCGUUCGGCUCGCGUGAGGC,1,"0,1,Gene_id:MI0000783,Gene_name:hsa-mir-375,Gene_symbol:hsa-mir-375,Origin_loc:Cytoplasm"
UGGGCGAGGGCGGCUGAGCGGC,0,"1,0,Gene_id:MIMAT0027359,Gene_name:hsa-miR-6729-5p,Gene_symbol:hsa-miR-6729-5p,Origin_loc:Exosome"
CUGUACAGCCUCCUAGCUUUCC,0,"1,0,Gene_id:MIMAT0010195,Gene_name:hsa-let-7a-2-3p,Gene_symbol:hsa-let-7a-2-3p,Origin_loc:Exosome"
GUGUGUGUAUAUGUGUGUUGCAUGUGUGUAUAUGUGUGUAUAUAUGUACACAUACACAUACACGCAACACACAUAUAUACAUGC,1,"0,1,Gene_id:MI0014157,Gene_name:hsa-mir-466,Gene_symbol:hsa-mir-466,Origin_loc:Nucleus"
CGAAUCAUUAUUUGCUGCUCUA,0,"1,0,Gene_id:MIMAT0004586,Gene_name:hsa-miR-15b*,Gene_symbol:hsa-miR-15b-3p,Origin_loc:Exosome"
UGCUGGAUCAGUGGUUCGAGUC,0,"1,0,Gene_id:MIMAT0005878,Gene_name:hsa-miR-1287,Gene_symbol:hsa-miR-1287-5p,Origin_loc:Exosome"
ACCUCCUGUGUGCAUGGAUUA,0,"1,0,Gene_id:MIMAT0022711,Gene_name:hsa-miR-660-3p,Gene_symbol:hsa-miR-660-3p,Origin_loc:Exosome"
GGAGGGGUCCCGCACUGGGAGG,0,"1,0,Gene_id:MIMAT0007890,Gene_name:hsa-miR-1914-star,Gene_symbol:hsa-miR-1914-3p,Origin_loc:Microvesicle"
AAGUGUGCAGGGCACUGGU,0,"1,0,Gene_id:MIMAT0003318,Gene_name:hsa-miR-648,Gene_symbol:hsa-miR-648,Origin_loc:Exosome"
UGAGUAUUACAUGGCCAAUCUC,0,"1,0,Gene_id:MIMAT0002818,Gene_name:hsa-miR-496,Gene_symbol:hsa-miR-496,Origin_loc:Exosome"
AUAUACAGGGGGAGACUCUUAU,0,"1,0,Gene_id:MIMAT0022838,Gene_name:hsa-miR-1185-1-3p,Gene_symbol:hsa-miR-1185-1-3p,Origin_loc:Exosome"
CUCAAGCUGUGAGUCUACAAAGGAAAGCGCUUUCUGUUGUCUGAAAGAAAAGAAAUCGCUUCCCUUUGGAGUGUUACGGUUUGAGAA,1,"0,1,Gene_id:MI0006430,Gene_name:hsa-mir-1283-2,Gene_symbol:hsa-mir-1283-2,Origin_loc:Nucleus"
CCCCGCCACCGCCUUGG,0,"1,0,Gene_id:MIMAT0016879,Gene_name:hsa-miR-4258,Gene_symbol:hsa-miR-4258,Origin_loc:Exosome"
AGGGACUUUCAGGGGCAGCUGU,1,"0,1,Gene_id:MIMAT0022833,Gene_name:hsa-miR-365b-5p,Gene_symbol:hsa-miR-365b-5p,Origin_loc:Mitochondrion"
GGGACGUUCUGAGCUCGGGGUGGGGGACGUUUGCCGGUCACUGCUGCUGGCGCCCUGACUGUUGCCGUCCUCCAGCCCCACUCAAAGGCAUCCC,1,"0,1,Gene_id:MI0005768,Gene_name:hsa-mir-943,Gene_symbol:hsa-mir-943,Origin_loc:Nucleus"
UAUGUUCAACGGCCAUGGUAUCCUGACCGUGCAAAGGUAGCAUA,1,"0,1,Gene_id:MI0009983,Gene_name:hsa-mir-1973,Gene_symbol:hsa-mir-1973,Origin_loc:Nucleus"
UCAUAGCCCUGUACAAUGCUGCUUGACCUGAAUGCUACAAGGCAGCACUGUAAAGAAGCUGA,0,"1,0,Gene_id:MI0007262,Gene_name:hsa-mir-103b-2,Gene_symbol:hsa-mir-103b-2,Origin_loc:Exosome"
AUUUUGAUAUAUAAGCCAGUUUAAUGUUUUCUAUACAGACCCUGGCUUUUCUUAAAUUUUAUAUAUUGGAAAGCCCAUGUUUGUAUUGGAAACUGCUGGUUUCUUUCAUACUGAAAAUCU,0,"1,0,Gene_id:MI0006431,Gene_name:hsa-mir-1284,Gene_symbol:hsa-mir-1284,Origin_loc:Exosome"
UGGUGGGCACAGAAUCUGGACU,0,"1,0,Gene_id:MIMAT0004920,Gene_name:hsa-miR-541-3p,Gene_symbol:hsa-miR-541-3p,Origin_loc:Exosome"
UGUUUAUCUCUAGGGUUGAUCUAUUAGAAUUACUUAUCUGAGCCAAAGUAAUUCAAGUAAUUCAGGUGUAGUGAAAC,1,"0,1,Gene_id:MI0006358,Gene_name:hsa-mir-1297,Gene_symbol:hsa-mir-1297,Origin_loc:Nucleus"
GAGCGUCACGUUGACACUCAAAAAGUUUCAGAUUUUGGAACAUUUCGGAUUUUGGAUUUUUGGAUCAGGGAUGCUCAA,0,"1,0,Gene_id:MI0006352,Gene_name:hsa-mir-1290,Gene_symbol:hsa-mir-1290,Origin_loc:Exosome"
AUCUAAAUGCAGCAUGCCAGUC,0,"1,0,Gene_id:MIMAT0019976,Gene_name:hsa-miR-4799-5p,Gene_symbol:hsa-miR-4799-5p,Origin_loc:Exosome"
AGAGUGUUCAAGGACAGCAAGAAAAAUGAGGGACUUUCAGGGGCAGCUGUGUUUUCUGACUCAGUCAUAAUGCCCCUAAAAAUCCUUAUUGUUCUUGCAGUGUGCAUCGGG,1,"0,1,Gene_id:MI0000769,Gene_name:hsa-mir-365-2,Gene_symbol:hsa-mir-365b,Origin_loc:Cytoplasm"
CUGCCCUCUUCAACAAAAUCACUGAUGCUGGAGUCGCCUGAGUCAUCACUCAGCACCAGGAUAUUGUUGGAGAGGACAG,1,"0,1,Gene_id:MI0014228,Gene_name:hsa-mir-3065,Gene_symbol:hsa-mir-3065,Origin_loc:Cytoplasm"
CAUUGGCAUCUAUUAGGUUGGUGCAAAAGUAAUUGCGGUUUUUGCCAUUACUUUCAGUAGCAAAAAUCUCAAUUACUUUUGCACCAACUUAAUACUU,1,"0,1,Gene_id:MI0003630,Gene_name:hsa-mir-548c,Gene_symbol:hsa-mir-548c,Origin_loc:Nucleus"
CUGCCCUGGCCCGAGGGACCGA,0,"1,0,Gene_id:MIMAT0004911,Gene_name:hsa-miR-874,Gene_symbol:hsa-miR-874-3p,Origin_loc:Exosome"
CCAAAGUCCUAGGAUUACAAGUGUCGGCCACGGGCUGGGCACAGUGGCUCACGCCUGUAAUCCCAGCAUUUUGG,1,"0,1,Gene_id:MI0014188,Gene_name:hsa-mir-3159,Gene_symbol:hsa-mir-3159,Origin_loc:Nucleus"
CAAGCACGAUUAGCAUUUGAGGUGAAGUUCUGUUAUACACUCAGGCUGUGGCUCUCUGAAAGUCAGUGCAUCACAGAACUUUGUCUCGAAAGCUUUCUA,1,"0,1,Gene_id:MI0000811,Gene_name:hsa-mir-148b,Gene_symbol:hsa-mir-148b,Origin_loc:Cytoplasm"
AUAAAAUUUCCAAUUGGAACCUAAUGAUUCAUCAGACUCAGAUAUUUAAGUUAACAGUAUUUGAGAAUGAUGAAUCAUUAGGUUCCGGUCAGAAAUU,1,"0,1,Gene_id:MI0003587,Gene_name:hsa-mir-580,Gene_symbol:hsa-mir-580,Origin_loc:Cytoplasm"
AUACACAUACACGCAACACACAU,0,"1,0,Gene_id:MIMAT0015002,Gene_name:hsa-miR-466,Gene_symbol:hsa-miR-466,Origin_loc:Exosome"
CCCCAGCUAGGUAAAGAGCCCUGUGGAGACACCUGGAUUCAGAGAACAUGUCUCCACUGAGCACUUGGGCCUUGAUGGCGGCU,1,"0,1,Gene_id:MI0006416,Gene_name:hsa-mir-1276,Gene_symbol:hsa-mir-1276,Origin_loc:Nucleus"
GAUGCACCCAGUGGGGGAGCCAGGAAGUAUUGAUGUUUCUGCCAGUUUAGCGUCAACACUUGCUGGUUUCCUCUCUGGAGCAUC,1,"0,1,Gene_id:MI0003190,Gene_name:hsa-mir-505,Gene_symbol:hsa-mir-505,Origin_loc:Cytoplasm"
CCCCACCUCCUCUCUCCUCAG,0,"1,0,Gene_id:MIMAT0005459,Gene_name:hsa-miR-1224-3p,Gene_symbol:hsa-miR-1224-3p,Origin_loc:Exosome"
AGGGGGCACCGGGAGGAGGUGAGUGUCUCUUGUCGCCUCCUCCUCUCCCCCCUU,0,"1,0,Gene_id:MI0006428,Gene_name:hsa-mir-1281,Gene_symbol:hsa-mir-1281,Origin_loc:Exosome"
UCUCAUGCAGUCAUUCUCCAAAAGGGAGCACUUUCUGUUUGAAAGAAAACAAAGUGCCUCCUUUUAGAGUGUUACUGUUUGAGA,1,"0,1,Gene_id:MI0003145,Gene_name:hsa-mir-519e,Gene_symbol:hsa-mir-519e,Origin_loc:Nucleus"
UGUGCACAUGUGCCCAGGGCCCGGGACAGCGCCACGGAAGAGGACGCACCCGGCUGUGUGCACAUGUGCCCA,1,"0,1,Gene_id:MI0005766,Gene_name:hsa-mir-941-4,Gene_symbol:hsa-mir-941-4,Origin_loc:Cytoplasm"
AGUAUAAUUAUUACAUAGUUUUUGAUGUCGCAGAUACUGCAUCAGGAACUGAUUGGAUAAGAAUCAGUCACCAUCAGUUCCUAAUGCAUUGCCUUCAGCAUCUAAACAAG,1,"0,1,Gene_id:MI0000293,Gene_name:hsa-mir-217,Gene_symbol:hsa-mir-217,Origin_loc:Cytoplasm"
CAAAAACCGCAAUUACUUUUGCA,0,"1,0,Gene_id:MIMAT0018446,Gene_name:hsa-miR-548z,Gene_symbol:hsa-miR-548z,Origin_loc:Exosome"
AUAAUACAUGGUUAACCUCUUU,0,"1,0,Gene_id:MIMAT0003331,Gene_name:hsa-miR-655,Gene_symbol:hsa-miR-655-3p,Origin_loc:Exosome"
ACUGAGGUCCUCAAAACUGAGGGGCAUUUUCUGUGGUUUGAAAGGAAAGUGCACCCAGUUUUGGGGAUGUCAA,0,"1,0,Gene_id:MI0003786,Gene_name:hsa-mir-1323,Gene_symbol:hsa-mir-1323,Origin_loc:Exosome"
AGGGCUUAGCUGCUUGUGAGCA,0,"1,0,Gene_id:MIMAT0004501,Gene_name:hsa-miR-27a-5p,Gene_symbol:hsa-miR-27a-5p,Origin_loc:Exosome"
GUGGACCAGGAUGGCAAGGGCU,0,"1,0,Gene_id:MIMAT0019932,Gene_name:hsa-miR-4776-5p,Gene_symbol:hsa-miR-4776-5p,Origin_loc:Exosome"
GGGAAGCAGGCCAACCUCGACGAUCUCCUCAGCACCUGAACGCCAAGGCUGGGGAGAUCCUCGAGGUUGGCCUGCUUUCC,1,"0,1,Gene_id:MI0014177,Gene_name:hsa-mir-3150,Gene_symbol:hsa-mir-3150a,Origin_loc:Nucleus"
AAAGUGCUUCCCUUUGGACUGU,0,"1,0,Gene_id:MIMAT0002834,Gene_name:hsa-miR-520a-3p,Gene_symbol:hsa-miR-520a-3p,Origin_loc:Exosome"
UCCUGUGGUGUUUGGUGUGGUU,0,"1,0,Gene_id:MIMAT0003423,Gene_name:ebv-miR-BART12,Gene_symbol:ebv-miR-BART12,Origin_loc:Exosome"
CACACACUGCAAUUACUUUUGC,0,"1,0,Gene_id:MIMAT0003271,Gene_name:hsa-miR-603,Gene_symbol:hsa-miR-603,Origin_loc:Exosome"
GGAGAAAUUAUCCUUGGUGUGU,0,"1,0,Gene_id:MIMAT0003163,Gene_name:hsa-miR-539-5p,Gene_symbol:hsa-miR-539-5p,Origin_loc:Exosome"
AUCUGAGUUGGGAGGGUCCCUCUCCAAAUGUGUCUUGGGGUGGGGGAUCAAGACACAUUUGGAGAGGGAACCUCCCAACUCGGCCUCUGCCAUCAUU,1,"0,1,Gene_id:MI0003657,Gene_name:hsa-mir-642,Gene_symbol:hsa-mir-642a,Origin_loc:Cytoplasm"
AAGCUGCUUAGUGUCCUUAGAGUCUCCAGAGGCAUCCCUAACCCAGAAUCUUUUGACUGUCCUCUGGAGAGAAAGGCAGUAGGUCUGUACC,1,"0,1,Gene_id:MI0015836,Gene_name:hsa-mir-4306,Gene_symbol:hsa-mir-4306,Origin_loc:Nucleus"
UCGGCCUGACCACCCACCCCAC,0,"1,0,Gene_id:MIMAT0005589,Gene_name:hsa-miR-1234,Gene_symbol:hsa-miR-1234-3p,Origin_loc:Exosome"
UGAUAUGUUUGAUAUUGGGUUG,0,"1,0,Gene_id:MIMAT0004929,Gene_name:hsa-miR-190b,Gene_symbol:hsa-miR-190b-5p,Origin_loc:Exosome"
AAGUGCCUCCUUUUAGAGUGUU,0,"1,0,Gene_id:MIMAT0002829,Gene_name:hsa-miR-519e-3p,Gene_symbol:hsa-miR-519e-3p,Origin_loc:Exosome"
UGUCUUACUCCCUCAGGCACAU,0,"1,0,Gene_id:MIMAT0003257,Gene_name:hsa-miR-550*,Gene_symbol:hsa-miR-550a-3p,Origin_loc:Exosome"
UGGGGCGGAGCUUCCGGAGGCC,0,"1,0,Gene_id:MIMAT0015058,Gene_name:hsa-miR-3180-3p,Gene_symbol:hsa-miR-3180-3p,Origin_loc:Exosome"
CUUGGCACCUAGCAAGCACUCA,0,"1,0,Gene_id:MIMAT0005796,Gene_name:hsa-miR-1271-5p,Gene_symbol:hsa-miR-1271-5p,Origin_loc:Exosome"
UGCUUCUGUGUGAUAUGUUUGAUAUUGGGUUGUUUAAUUAGGAACCAACUAAAUGUCAAACAUAUUCUUACAGCAGCAG,1,"0,1,Gene_id:MI0005545,Gene_name:hsa-mir-190b,Gene_symbol:hsa-mir-190b,Origin_loc:Nucleus"
CCUAGUAGGUGUCCAGUAAGUGU,0,"1,0,Gene_id:MIMAT0000771,Gene_name:hsa-miR-325,Gene_symbol:hsa-miR-325,Origin_loc:Exosome"
GGGUCCCGGGGAGGGGGG,0,"1,0,Gene_id:MIMAT0016907,Gene_name:hsa-miR-4281,Gene_symbol:hsa-miR-4281,Origin_loc:Microvesicle"
AUCUUAUUCCGAGCAUUCCAGUAACUUUUUUGUGUAUGUACUUAGCUGUACUAUAAGUAGUUGGUUUGUAUGAGAUGGUUAAAAA,1,"0,1,Gene_id:MI0015974,Gene_name:hsa-mir-1244-2,Gene_symbol:hsa-mir-1244-2,Origin_loc:Cytoplasm"
UCUGGGUGCAGUGGGGGUU,0,"1,0,Gene_id:MIMAT0027452,Gene_name:hsa-miR-6776-5p,Gene_symbol:hsa-miR-6776-5p,Origin_loc:Exosome"
UACUCAAAAAGCUGUCAGUCA,0,"1,0,Gene_id:MIMAT0004916,Gene_name:hsa-miR-888,Gene_symbol:hsa-miR-888-5p,Origin_loc:Exosome"
CGGGCGUGGUGGUGGGGGUG,1,"0,1,Gene_id:MIMAT0018925,Gene_name:hsa-miR-1268b,Gene_symbol:hsa-miR-1268b,Origin_loc:Mitochondrion"
UUCCUCUGGCAAGUAAAAAACUCUCAUUUUCCUUAAAAAAUGAGAGUUUUUUACUUGCAAUAGGAA,1,"0,1,Gene_id:MI0014145,Gene_name:hsa-mir-3128,Gene_symbol:hsa-mir-3128,Origin_loc:Nucleus"
AUGGGUGAAUUUGUAGAAGGAU,1,"0,1,Gene_id:MIMAT0005914,Gene_name:hsa-miR-1262,Gene_symbol:hsa-miR-1262,Origin_loc:Mitochondrion"
ACUGGACUUGGAGUCAGGA,0,"1,0,Gene_id:MIMAT0018927,Gene_name:hsa-miR-378e,Gene_symbol:hsa-miR-378e,Origin_loc:Exosome"
CACUGUGUCCUUUCUGCGUAG,0,"1,0,Gene_id:MIMAT0004907,Gene_name:hsa-miR-892a,Gene_symbol:hsa-miR-892a,Origin_loc:Microvesicle"
UCUCAGGCAGUGACCCUCUAGAUGGAAGCACUGUCUGUUGUAUAAAAGAAAAGAUCGUGCAUCCCUUUAGAGUGUUACUGUUUGAGA,1,"0,1,Gene_id:MI0003161,Gene_name:hsa-mir-517a,Gene_symbol:hsa-mir-517a,Origin_loc:Nucleus"
CUGAUAAGAACAGAGGCCCAGAU,0,"1,0,Gene_id:MIMAT0015035,Gene_name:hsa-miR-3161,Gene_symbol:hsa-miR-3161,Origin_loc:Exosome"
GAGCAUCCUUCAGUGUUCAGAGAUGGAGUCAGUAUUGGUCUGGCCAUUUUUAGGGCAAAGAGGCAGCAUCAU,0,"1,0,Gene_id:MI0015863,Gene_name:hsa-mir-4255,Gene_symbol:hsa-mir-4255,Origin_loc:Microvesicle"
CUGUGGGCUCAGCGCGUGGGG,0,"1,0,Gene_id:MIMAT0016873,Gene_name:hsa-miR-4322,Gene_symbol:hsa-miR-4322,Origin_loc:Microvesicle"
GUUUGCACGGGUGGGCCUUGUCU,0,"1,0,Gene_id:MIMAT0003221,Gene_name:hsa-miR-557,Gene_symbol:hsa-miR-557,Origin_loc:Exosome"
CUAGAUAAGUUAUUAGGUGGGUGCAAAGGUAAUUGCAGUUUUUCCCAUUAUUUUAAUUGCGAAAACAGCAAUUACCUUUGCACCAACCUGAUGGAGU,1,"0,1,Gene_id:MI0003577,Gene_name:hsa-mir-570,Gene_symbol:hsa-mir-570,Origin_loc:Nucleus"
CGCCCCUCCUGCCCCCACAG,0,"1,0,Gene_id:MIMAT0019886,Gene_name:hsa-miR-4749-3p,Gene_symbol:hsa-miR-4749-3p,Origin_loc:Exosome"
